FORENAME;NAME;COUNTRY;BIRTH_DATE;GUEST_ANIMAL_ALLERGY;HOST_HAS_ANIMAL;GUEST_FOOD_CONSTRAINT;HOST_FOOD;HOBBIES;GENDER;PAIR_GENDER;HISTORY
Jules;Moreau;FRANCE;2006-05-27;yes;no;nonuts;;hiking;other;female;same
Camille;Laurent;FRANCE;2008-12-24;yes;no;vegetarian,nonuts;nonuts;gardening,volunteering;other;female;
Nathan;Petit;FRANCE;2010-12-31;yes;no;nonuts;vegetarian,nonuts;cooking,yoga,gaming;female;female;other
Léa;Richard;FRANCE;2010-12-22;yes;no;vegetarian,nonuts;nonuts;culture,gardening,dancing,hiking,technology;male;other;same
Manon;Martin;FRANCE;2009-05-21;no;yes;nonuts;vegetarian,nonuts;reading,boardgames,yoga,cinema;other;male;
Lucas;Martin;FRANCE;2007-04-10;no;yes;;;reading,art,gardening,volunteering,swimming;male;male;
Chloé;Dubois;FRANCE;2006-10-24;yes;no;vegetarian,nonuts;;;male;male;
Jules;Petit;FRANCE;2005-12-30;yes;no;;vegetarian;reading;other;male;
Lucas;Laurent;FRANCE;2009-02-16;yes;no;vegetarian,nonuts;;;male;male;
Inès;Richard;FRANCE;2005-10-13;no;no;;nonuts;fashion;other;male;other