FORENAME;NAME;COUNTRY;BIRTH_DATE;GUEST_ANIMAL_ALLERGY;HOST_HAS_ANIMAL;GUEST_FOOD_CONSTRAINT;HOST_FOOD;HOBBIES;GENDER;PAIR_GENDER;HISTORY
Ben;Weber;GERMANY;2006-10-13;yes;no;nonuts;;music,dancing;male;female;same
Finn;Meyer;GERMANY;2008-12-28;yes;no;vegetarian,nonuts;nonuts;reading,science,hiking,yoga,boardgames;other;female;
Ben;Becker;GERMANY;2010-01-18;yes;no;nonuts;vegetarian,nonuts;music;female;female;other
Anna;Wagner;GERMANY;2010-12-18;yes;no;vegetarian,nonuts;nonuts;hiking,skateboarding,boardgames;female;other;same
Ben;Schmidt;GERMANY;2010-10-14;no;yes;nonuts;vegetarian,nonuts;traveling,painting,yoga,photography;other;male;
Lea;Schulz;GERMANY;2006-08-21;no;yes;;;volunteering,cooking,fashion,dancing,traveling;female;male;
Finn;Hoffmann;GERMANY;2008-03-01;yes;no;vegetarian,nonuts;;photography,traveling;male;male;
Lina;Schulz;GERMANY;2007-02-03;yes;no;;vegetarian;gaming,art,volunteering,chess,gardening;female;male;
Lina;Schulz;GERMANY;2007-11-16;yes;no;vegetarian,nonuts;;hiking;female;male;
Leon;Schmidt;GERMANY;2007-01-30;no;no;;nonuts;;female;male;other