FORENAME;NAME;COUNTRY;BIRTH_DATE;GUEST_ANIMAL_ALLERGY;HOST_HAS_ANIMAL;GUEST_FOOD_CONSTRAINT;HOST_FOOD;HOBBIES;GENDER;PAIR_GENDER;HISTORY
Jules;Moreau;FRANCE;2006-05-27;yes;no;nonuts;;hiking;other;female;same
Camille;Laurent;FRANCE;2008-12-24;yes;no;vegetarian,nonuts;nonuts;gardening,volunteering;other;female;
Nathan;Petit;FRANCE;2010-12-31;yes;no;nonuts;vegetarian,nonuts;cooking,yoga,gaming;female;female;other
Léa;Richard;FRANCE;2010-12-22;yes;no;vegetarian,nonuts;nonuts;culture,gardening,dancing,hiking,technology;male;other;same
Manon;Martin;FRANCE;2009-05-21;no;yes;nonuts;vegetarian,nonuts;reading,boardgames,yoga,cinema;other;male;
Lucas;Martin;FRANCE;2007-04-10;no;yes;;;reading,art,gardening,volunteering,swimming;male;male;
Chloé;Dubois;FRANCE;2006-10-24;yes;no;vegetarian,nonuts;;;male;male;
Jules;Petit;FRANCE;2005-12-30;yes;no;;vegetarian;reading;other;male;
Lucas;Laurent;FRANCE;2009-02-16;yes;no;vegetarian,nonuts;;;male;male;
Inès;Richard;FRANCE;2005-10-13;no;no;;nonuts;fashion;other;male;other
Camille;Dubois;FRANCE;2005-09-04;yes;no;;vegetarian;sports,skateboarding,music,cinema;other;other;same
Hugo;Dubois;FRANCE;2005-01-01;yes;no;;nonuts;;female;;same
Nathan;Petit;FRANCE;2006-09-26;no;no;vegetarian,nonuts;;;female;female;
Jules;Petit;FRANCE;2006-03-29;no;yes;;;sports,gardening,cooking;male;;
Manon;Martin;FRANCE;2007-02-19;yes;no;nonuts;nonuts;cooking;male;;other
Inès;Dubois;FRANCE;2006-06-29;no;yes;vegetarian,nonuts;vegetarian,nonuts;photography,cinema,boardgames,painting;male;male;same
Manon;Dubois;FRANCE;2010-12-31;yes;no;nonuts;;music,painting,fashion,traveling;male;;same
Léa;Robert;FRANCE;2006-10-28;no;yes;;;yoga;other;other;
Louis;Laurent;FRANCE;2007-07-22;no;yes;vegetarian,nonuts;vegetarian,nonuts;hiking,gaming;female;other;other
Léa;Richard;FRANCE;2006-05-03;yes;no;;vegetarian;sports,yoga;female;other;same
Manon;Robert;FRANCE;2009-03-02;yes;no;nonuts;nonuts;writing,astronomy;other;male;other
Lucas;Richard;FRANCE;2009-02-02;yes;no;nonuts;vegetarian,nonuts;cinema,boardgames,cooking;male;;same
Hugo;Durand;FRANCE;2009-02-01;no;no;vegetarian,nonuts;vegetarian,nonuts;swimming;other;other;
Hugo;Petit;FRANCE;2009-05-01;no;yes;vegetarian,nonuts;;gardening,music;other;;same
Léa;Thomas;FRANCE;2008-11-20;yes;no;vegetarian,nonuts;vegetarian,nonuts;reading,science,cooking;female;female;same