FORENAME;NAME;COUNTRY;BIRTH_DATE;GUEST_ANIMAL_ALLERGY;HOST_HAS_ANIMAL;GUEST_FOOD_CONSTRAINT;HOST_FOOD;HOBBIES;GENDER;PAIR_GENDER;HISTORY
Ben;Weber;GERMANY;2006-10-13;yes;no;nonuts;;music,dancing;male;female;same
Finn;Meyer;GERMANY;2008-12-28;yes;no;vegetarian,nonuts;nonuts;reading,science,hiking,yoga,boardgames;other;female;
Ben;Becker;GERMANY;2010-01-18;yes;no;nonuts;vegetarian,nonuts;music;female;female;other
Anna;Wagner;GERMANY;2010-12-18;yes;no;vegetarian,nonuts;nonuts;hiking,skateboarding,boardgames;female;other;same
Ben;Schmidt;GERMANY;2010-10-14;no;yes;nonuts;vegetarian,nonuts;traveling,painting,yoga,photography;other;male;
Lea;Schulz;GERMANY;2006-08-21;no;yes;;;volunteering,cooking,fashion,dancing,traveling;female;male;
Finn;Hoffmann;GERMANY;2008-03-01;yes;no;vegetarian,nonuts;;photography,traveling;male;male;
Lina;Schulz;GERMANY;2007-02-03;yes;no;;vegetarian;gaming,art,volunteering,chess,gardening;female;male;
Lina;Schulz;GERMANY;2007-11-16;yes;no;vegetarian,nonuts;;hiking;female;male;
Leon;Schmidt;GERMANY;2007-01-30;no;no;;nonuts;;female;male;other
Paul;Becker;GERMANY;2006-02-20;yes;no;;vegetarian;;other;other;same
Paul;Müller;GERMANY;2005-04-14;yes;no;;nonuts;reading,culture,skateboarding,music,hiking;female;;same
Ben;Weber;GERMANY;2007-04-01;no;no;vegetarian,nonuts;;chess,astronomy,dancing;other;female;
Ben;Müller;GERMANY;2005-03-02;no;yes;;;chess,volunteering;male;;
Mia;Müller;GERMANY;2005-11-27;yes;no;nonuts;nonuts;;male;;other
Emma;Müller;GERMANY;2008-04-02;no;yes;vegetarian,nonuts;vegetarian,nonuts;culture,technology,art;other;male;same
Leon;Müller;GERMANY;2010-09-09;yes;no;nonuts;;traveling;female;;same
Finn;Meyer;GERMANY;2007-06-20;no;yes;;;traveling,astronomy;female;other;
Paul;Meyer;GERMANY;2007-11-14;no;yes;vegetarian,nonuts;vegetarian,nonuts;art,yoga;male;other;other
Lea;Schmidt;GERMANY;2007-12-24;yes;no;;vegetarian;yoga,sports,volunteering,writing;male;other;same
Anna;Meyer;GERMANY;2007-03-18;yes;no;nonuts;nonuts;yoga,cinema,science,dancing,culture;female;male;other
Ben;Müller;GERMANY;2007-07-24;yes;no;nonuts;vegetarian,nonuts;volunteering,fashion,painting,boardgames;male;;same
Lukas;Schneider;GERMANY;2010-08-12;no;no;vegetarian,nonuts;vegetarian,nonuts;swimming,art,boardgames;male;other;
Anna;Meyer;GERMANY;2009-10-25;no;yes;vegetarian,nonuts;;skateboarding,cinema;male;;same
Finn;Wagner;GERMANY;2009-05-06;yes;no;vegetarian,nonuts;vegetarian,nonuts;traveling;male;female;same