FORENAME;NAME;COUNTRY;BIRTH_DATE;GUEST_ANIMAL_ALLERGY;HOST_HAS_ANIMAL;GUEST_FOOD_CONSTRAINT;HOST_FOOD;HOBBIES;GENDER;PAIR_GENDER;HISTORY
Jules;Moreau;FRANCE;2006-05-27;yes;no;nonuts;;hiking;other;female;same
Camille;Laurent;FRANCE;2008-12-24;yes;no;vegetarian,nonuts;nonuts;gardening,volunteering;other;female;
Nathan;Petit;FRANCE;2010-12-31;yes;no;nonuts;vegetarian,nonuts;cooking,yoga,gaming;female;female;other
Léa;Richard;FRANCE;2010-12-22;yes;no;vegetarian,nonuts;nonuts;culture,gardening,dancing,hiking,technology;male;other;same
Manon;Martin;FRANCE;2009-05-21;no;yes;nonuts;vegetarian,nonuts;reading,boardgames,yoga,cinema;other;male;