Sa présence n'évoque qu'une certitude : L’oubli n’a jamais d’échappatoire. Il veut votre titre de transport.;Its presence is a certainty, no escape from oblivion. It wants your ticket ;它的存在是必然的，无法逃脱被遗忘的命运。它想要你的车票
Vous n'auriez pas pensé qu'il conduisait une éléctrique; You wouldn't have thought he drove an hybrid; 你不会想到他开的是混合动力车
Ne lui parlez même pas de java, à moins que vous ne vouliez avoir de gros i-problèmes; Don't even mention java, unless you want big i-troubles.; 不要提及java，除非你想要大麻烦
Sa clémence n'a pas encore été implémentée; His mercy has not be implemented yet; 他的仁慈尚未得到落实

