Controleur ; Inspector ;控制器
Eh, vous ! Qu'est-ce que vous faites avec ce pied de biche ! ;  Oi, you there ! What are you doing with this crowbar ! ; 啊， 你那儿便！你在做什么跟着一个撬棍！
Donnez-moi ça !! **Vous perdez l'équipement**; Give me that !! **You lose the equipment**;给我！ *你的撬棍丢了*
Endommagement de la propriété d'Ilevio, c'est au moins un million d'euro ça !! ; Damage to Ilevio property, that's at least a million euros!;噢累哦 财产损失至少达一百万欧元！
Je suis contrôleur Ilevio j'ai suivi une formation de 9 ans en MMA pour l'être c'est pas un fraudeur comme vous qui me fait peur !!; I'm an Ilevio controller and I've been training for 9 years in MMA, so it's not a fraud like you that scares me! ; 我是一名 Ilevio 控制员，接受过 9 年的综合格斗训练，所以我并不害怕像你这样的骗子！
